{"cameraMode":{"drawMode":0,"name":"Shaded","section":"Shading Mode"},"sceneLighting":true,"audioPlay":false,"sceneViewState":{"showFog":true,"showMaterialUpdate":false,"showSkybox":true,"showFlares":true,"showImageEffects":true,"showParticleSystems":true},"in2DMode":false,"pivot":{"x":-0.1507325917482376,"y":0.0,"z":0.1599999964237213},"rotation":{"x":-0.016496598720550538,"y":-0.017996590584516527,"z":0.00029697074205614626,"w":-0.9997019171714783},"size":0.31594279408454897,"orthographic":true}