{"cameraMode":{"drawMode":0,"name":"Shaded","section":"Shading Mode"},"sceneLighting":true,"audioPlay":false,"sceneViewState":{"showFog":true,"showMaterialUpdate":false,"showSkybox":true,"showFlares":true,"showImageEffects":true,"showParticleSystems":true},"in2DMode":false,"pivot":{"x":-0.0162506103515625,"y":0.0095977783203125,"z":-0.0001220703125},"rotation":{"x":-0.04341932758688927,"y":-0.05541904643177986,"z":0.00241225422360003,"w":-0.9975157976150513},"size":0.15482282638549806,"orthographic":true}